<annotation>
	<folder>bopeng</folder>
	<filename>bopeng_0_195.jpg</filename>
	<path>D:\KULIAH PENS\MBKM\Dicoding\Project akhir\dataset\bopeng\bopeng_0_195.jpg</path>
	<source>
		<database>Unknown</database>
	</source>
	<size>
		<width>415</width>
		<height>394</height>
		<depth>3</depth>
	</size>
	<segmented>0</segmented>
	<object>
		<name>bopeng</name>
		<pose>Unspecified</pose>
		<truncated>0</truncated>
		<difficult>0</difficult>
		<bndbox>
			<xmin>3</xmin>
			<ymin>4</ymin>
			<xmax>413</xmax>
			<ymax>389</ymax>
		</bndbox>
	</object>
</annotation>
