<annotation>
	<folder>bopeng</folder>
	<filename>bopeng_0_2677.jpg</filename>
	<path>D:\KULIAH PENS\MBKM\Dicoding\Project akhir\dataset\bopeng\bopeng_0_2677.jpg</path>
	<source>
		<database>Unknown</database>
	</source>
	<size>
		<width>415</width>
		<height>394</height>
		<depth>3</depth>
	</size>
	<segmented>0</segmented>
	<object>
		<name>bopeng</name>
		<pose>Unspecified</pose>
		<truncated>1</truncated>
		<difficult>0</difficult>
		<bndbox>
			<xmin>2</xmin>
			<ymin>1</ymin>
			<xmax>415</xmax>
			<ymax>394</ymax>
		</bndbox>
	</object>
</annotation>
