<annotation>
	<folder>bopeng</folder>
	<filename>bopeng_0_3314.jpg</filename>
	<path>D:\KULIAH PENS\MBKM\Dicoding\Project akhir\dataset\bopeng\bopeng_0_3314.jpg</path>
	<source>
		<database>Unknown</database>
	</source>
	<size>
		<width>292</width>
		<height>269</height>
		<depth>3</depth>
	</size>
	<segmented>0</segmented>
	<object>
		<name>bopeng</name>
		<pose>Unspecified</pose>
		<truncated>1</truncated>
		<difficult>0</difficult>
		<bndbox>
			<xmin>1</xmin>
			<ymin>1</ymin>
			<xmax>292</xmax>
			<ymax>269</ymax>
		</bndbox>
	</object>
</annotation>
